site_id,site_name,country,lat,lon,base_network,base_2021,base_2022,base_2023,base_2024,wetlsp_2021,wetlsp_2022,wetlsp_2023,wetlsp_2024,final_fetch_r,tower_height_m,canopy_height_m,site_folder,netcdf_2021_file,netcdf_2022_file,netcdf_2023_file,netcdf_2024_file,parquet_geom_path,parquet_meta_path,parquet_timeseries_path,readme_json_path,readme_md_path
AT-Nsd,Lake Neusiedl reed belt,Austria,47.76914,16.758492,euroflux,1,1,0,0,1,1,1,1,600,8.6,4.3,AT-Nsd/,AT-Nsd/AT-Nsd-wetlsp-2021.nc,AT-Nsd/AT-Nsd-wetlsp-2022.nc,AT-Nsd/AT-Nsd-wetlsp-2023.nc,AT-Nsd/AT-Nsd-wetlsp-2024.nc,AT-Nsd/pixels_geom_ds/,AT-Nsd/pixels_meta_ds/meta.parquet,AT-Nsd/pixels_timeseries_ds/,AT-Nsd/README-parquet.json,AT-Nsd/README-parquet.md
AU-Arc,Arcturus,Australia,-23.85872,148.4746,,0,0,0,0,1,1,1,1,600,6.7,0.5,AU-Arc/,AU-Arc/AU-Arc-wetlsp-2021.nc,AU-Arc/AU-Arc-wetlsp-2022.nc,AU-Arc/AU-Arc-wetlsp-2023.nc,AU-Arc/AU-Arc-wetlsp-2024.nc,AU-Arc/pixels_geom_ds/,AU-Arc/pixels_meta_ds/meta.parquet,AU-Arc/pixels_timeseries_ds/,AU-Arc/README-parquet.json,AU-Arc/README-parquet.md
BR-Mam,Mamiraua,Brazil,-3.064,-64.8492,amf,0,0,0,0,1,1,1,1,1300,20,10,BR-Mam/,BR-Mam/BR-Mam-wetlsp-2021.nc,BR-Mam/BR-Mam-wetlsp-2022.nc,BR-Mam/BR-Mam-wetlsp-2023.nc,BR-Mam/BR-Mam-wetlsp-2024.nc,BR-Mam/pixels_geom_ds/,BR-Mam/pixels_meta_ds/meta.parquet,BR-Mam/pixels_timeseries_ds/,BR-Mam/README-parquet.json,BR-Mam/README-parquet.md
BR-Npw,Pantanal of Mato Gross,Brazil,-16.4981,-56.4119,amf,0,0,0,0,1,0,0,1,1500,20,8,BR-Npw/,BR-Npw/BR-Npw-wetlsp-2021.nc,BR-Npw/BR-Npw-wetlsp-2022.nc,BR-Npw/BR-Npw-wetlsp-2023.nc,BR-Npw/BR-Npw-wetlsp-2024.nc,BR-Npw/pixels_geom_ds/,BR-Npw/pixels_meta_ds/meta.parquet,BR-Npw/pixels_timeseries_ds/,BR-Npw/README-parquet.json,BR-Npw/README-parquet.md
BR-SM1,Cachoeira do Sul,Brazil,-30.277108,-53.147922,amf,0,0,0,0,1,0,0,1,200,3,1,BR-SM1/,BR-SM1/BR-SM1-wetlsp-2021.nc,BR-SM1/BR-SM1-wetlsp-2022.nc,BR-SM1/BR-SM1-wetlsp-2023.nc,BR-SM1/BR-SM1-wetlsp-2024.nc,BR-SM1/pixels_geom_ds/,BR-SM1/pixels_meta_ds/meta.parquet,BR-SM1/pixels_timeseries_ds/,BR-SM1/README-parquet.json,BR-SM1/README-parquet.md
BW-Gum,Guma,Botswana,-18.9647,22.3711,euroflux,1,1,1,1,1,1,0,0,400,5.5,2.75,BW-Gum/,BW-Gum/BW-Gum-wetlsp-2021.nc,BW-Gum/BW-Gum-wetlsp-2022.nc,BW-Gum/BW-Gum-wetlsp-2023.nc,BW-Gum/BW-Gum-wetlsp-2024.nc,BW-Gum/pixels_geom_ds/,BW-Gum/pixels_meta_ds/meta.parquet,BW-Gum/pixels_timeseries_ds/,BW-Gum/README-parquet.json,BW-Gum/README-parquet.md
BW-Nxr,Nxaraga,Botswana,-19.5481,23.1792,euroflux,1,1,1,1,1,1,1,1,200,2.5,1.25,BW-Nxr/,BW-Nxr/BW-Nxr-wetlsp-2021.nc,BW-Nxr/BW-Nxr-wetlsp-2022.nc,BW-Nxr/BW-Nxr-wetlsp-2023.nc,BW-Nxr/BW-Nxr-wetlsp-2024.nc,BW-Nxr/pixels_geom_ds/,BW-Nxr/pixels_meta_ds/meta.parquet,BW-Nxr/pixels_timeseries_ds/,BW-Nxr/README-parquet.json,BW-Nxr/README-parquet.md
CA-BOU,Bouleau Peatland,Canada,50.5244,-63.2064,amf,0,0,0,0,1,1,1,1,300,3,0.3,CA-BOU/,CA-BOU/CA-BOU-wetlsp-2021.nc,CA-BOU/CA-BOU-wetlsp-2022.nc,CA-BOU/CA-BOU-wetlsp-2023.nc,CA-BOU/CA-BOU-wetlsp-2024.nc,CA-BOU/pixels_geom_ds/,CA-BOU/pixels_meta_ds/meta.parquet,CA-BOU/pixels_timeseries_ds/,CA-BOU/README-parquet.json,CA-BOU/README-parquet.md
CA-CF3,Churchill Fen Site 3,Canada,58.6658,-93.8304,amf,0,1,1,1,1,1,1,1,300,3.5,0.3,CA-CF3/,CA-CF3/CA-CF3-wetlsp-2021.nc,CA-CF3/CA-CF3-wetlsp-2022.nc,CA-CF3/CA-CF3-wetlsp-2023.nc,CA-CF3/CA-CF3-wetlsp-2024.nc,CA-CF3/pixels_geom_ds/,CA-CF3/pixels_meta_ds/meta.parquet,CA-CF3/pixels_timeseries_ds/,CA-CF3/README-parquet.json,CA-CF3/README-parquet.md
CA-DB2,Delta Burns Bog 2,Canada,49.119,-122.9951,amf,1,1,1,1,0,0,1,1,200,2.5,0.3,CA-DB2/,CA-DB2/CA-DB2-wetlsp-2021.nc,CA-DB2/CA-DB2-wetlsp-2022.nc,CA-DB2/CA-DB2-wetlsp-2023.nc,CA-DB2/CA-DB2-wetlsp-2024.nc,CA-DB2/pixels_geom_ds/,CA-DB2/pixels_meta_ds/meta.parquet,CA-DB2/pixels_timeseries_ds/,CA-DB2/README-parquet.json,CA-DB2/README-parquet.md
CA-DBB,Delta Burns Bog,Canada,49.1293,-122.9849,amf,1,1,1,1,1,1,0,0,200,1.8,0.3,CA-DBB/,CA-DBB/CA-DBB-wetlsp-2021.nc,CA-DBB/CA-DBB-wetlsp-2022.nc,CA-DBB/CA-DBB-wetlsp-2023.nc,CA-DBB/CA-DBB-wetlsp-2024.nc,CA-DBB/pixels_geom_ds/,CA-DBB/pixels_meta_ds/meta.parquet,CA-DBB/pixels_timeseries_ds/,CA-DBB/README-parquet.json,CA-DBB/README-parquet.md
CA-DSM,Delta Salt Marsh,Canada,49.0887,-122.8954,amf,1,1,1,1,1,1,1,1,200,2,0.4,CA-DSM/,CA-DSM/CA-DSM-wetlsp-2021.nc,CA-DSM/CA-DSM-wetlsp-2022.nc,CA-DSM/CA-DSM-wetlsp-2023.nc,CA-DSM/CA-DSM-wetlsp-2024.nc,CA-DSM/pixels_geom_ds/,CA-DSM/pixels_meta_ds/meta.parquet,CA-DSM/pixels_timeseries_ds/,CA-DSM/README-parquet.json,CA-DSM/README-parquet.md
CA-EM2,Shoal Lake Manitoba,Canada,50.3706,-100.5339,amf,1,1,1,0,1,1,1,0,300,4.1,1,CA-EM2/,CA-EM2/CA-EM2-wetlsp-2021.nc,CA-EM2/CA-EM2-wetlsp-2022.nc,CA-EM2/CA-EM2-wetlsp-2023.nc,CA-EM2/CA-EM2-wetlsp-2024.nc,CA-EM2/pixels_geom_ds/,CA-EM2/pixels_meta_ds/meta.parquet,CA-EM2/pixels_timeseries_ds/,CA-EM2/README-parquet.json,CA-EM2/README-parquet.md
CA-RBM,Richmond Brackish Marsh,Canada,49.1313,-123.1964,amf,0,1,1,1,1,1,0,0,300,3,0.4,CA-RBM/,CA-RBM/CA-RBM-wetlsp-2021.nc,CA-RBM/CA-RBM-wetlsp-2022.nc,CA-RBM/CA-RBM-wetlsp-2023.nc,CA-RBM/CA-RBM-wetlsp-2024.nc,CA-RBM/pixels_geom_ds/,CA-RBM/pixels_meta_ds/meta.parquet,CA-RBM/pixels_timeseries_ds/,CA-RBM/README-parquet.json,CA-RBM/README-parquet.md
CA-SCC,Scotty Creek Landscape,Canada,61.3079,-121.2992,amf,1,1,1,1,1,1,0,1,700,10,5,CA-SCC/,CA-SCC/CA-SCC-wetlsp-2021.nc,CA-SCC/CA-SCC-wetlsp-2022.nc,CA-SCC/CA-SCC-wetlsp-2023.nc,CA-SCC/CA-SCC-wetlsp-2024.nc,CA-SCC/pixels_geom_ds/,CA-SCC/pixels_meta_ds/meta.parquet,CA-SCC/pixels_timeseries_ds/,CA-SCC/README-parquet.json,CA-SCC/README-parquet.md
CZ-wet,Trebon (CZECHWET),Czechia,49.02465,14.77035,euroflux,1,1,1,1,1,1,1,1,200,2.5,1,CZ-wet/,CZ-wet/CZ-wet-wetlsp-2021.nc,CZ-wet/CZ-wet-wetlsp-2022.nc,CZ-wet/CZ-wet-wetlsp-2023.nc,CZ-wet/CZ-wet-wetlsp-2024.nc,CZ-wet/pixels_geom_ds/,CZ-wet/pixels_meta_ds/meta.parquet,CZ-wet/pixels_timeseries_ds/,CZ-wet/README-parquet.json,CZ-wet/README-parquet.md
DE-Amv,Amtsvenn,Germany,52.1757,6.95543,euroflux,0,0,0,1,1,1,1,1,300,2.8,0.3,DE-Amv/,DE-Amv/DE-Amv-wetlsp-2021.nc,DE-Amv/DE-Amv-wetlsp-2022.nc,DE-Amv/DE-Amv-wetlsp-2023.nc,DE-Amv/DE-Amv-wetlsp-2024.nc,DE-Amv/pixels_geom_ds/,DE-Amv/pixels_meta_ds/meta.parquet,DE-Amv/pixels_timeseries_ds/,DE-Amv/README-parquet.json,DE-Amv/README-parquet.md
DE-Hte,Huetelmoor,Germany,54.210278,12.176111,euroflux,0,0,0,0,1,1,1,1,300,3,0.5,DE-Hte/,DE-Hte/DE-Hte-wetlsp-2021.nc,DE-Hte/DE-Hte-wetlsp-2022.nc,DE-Hte/DE-Hte-wetlsp-2023.nc,DE-Hte/DE-Hte-wetlsp-2024.nc,DE-Hte/pixels_geom_ds/,DE-Hte/pixels_meta_ds/meta.parquet,DE-Hte/pixels_timeseries_ds/,DE-Hte/README-parquet.json,DE-Hte/README-parquet.md
DE-SfN,Schechenfilz Nord,Germany,47.80639,11.3275,euroflux,0,0,0,0,1,1,1,1,300,3,0.5,DE-SfN/,DE-SfN/DE-SfN-wetlsp-2021.nc,DE-SfN/DE-SfN-wetlsp-2022.nc,DE-SfN/DE-SfN-wetlsp-2023.nc,DE-SfN/DE-SfN-wetlsp-2024.nc,DE-SfN/pixels_geom_ds/,DE-SfN/pixels_meta_ds/meta.parquet,DE-SfN/pixels_timeseries_ds/,DE-SfN/README-parquet.json,DE-SfN/README-parquet.md
DE-UtM,Uchter Moor,Germany,52.5083,8.825833,euroflux,0,0,0,0,1,1,0,0,300,3.2,0.5,DE-UtM/,DE-UtM/DE-UtM-wetlsp-2021.nc,DE-UtM/DE-UtM-wetlsp-2022.nc,DE-UtM/DE-UtM-wetlsp-2023.nc,DE-UtM/DE-UtM-wetlsp-2024.nc,DE-UtM/pixels_geom_ds/,DE-UtM/pixels_meta_ds/meta.parquet,DE-UtM/pixels_timeseries_ds/,DE-UtM/README-parquet.json,DE-UtM/README-parquet.md
DE-Zrk,Zarnekow,Germany,53.87594,12.88901,site_paper,1,0,0,0,1,1,1,1,300,3.4,0.5,DE-Zrk/,DE-Zrk/DE-Zrk-wetlsp-2021.nc,DE-Zrk/DE-Zrk-wetlsp-2022.nc,DE-Zrk/DE-Zrk-wetlsp-2023.nc,DE-Zrk/DE-Zrk-wetlsp-2024.nc,DE-Zrk/pixels_geom_ds/,DE-Zrk/pixels_meta_ds/meta.parquet,DE-Zrk/pixels_timeseries_ds/,DE-Zrk/README-parquet.json,DE-Zrk/README-parquet.md
EE-Pts,Pitsalu,Estonia,58.562299,24.369933,,0,1,1,1,1,1,1,1,500,5,0.5,EE-Pts/,EE-Pts/EE-Pts-wetlsp-2021.nc,EE-Pts/EE-Pts-wetlsp-2022.nc,EE-Pts/EE-Pts-wetlsp-2023.nc,EE-Pts/EE-Pts-wetlsp-2024.nc,EE-Pts/pixels_geom_ds/,EE-Pts/pixels_meta_ds/meta.parquet,EE-Pts/pixels_timeseries_ds/,EE-Pts/README-parquet.json,EE-Pts/README-parquet.md
EE-Rng,Ruhingu,Estonia,57.913145,26.694047,,0,0,1,1,1,1,1,1,500,5,0.5,EE-Rng/,EE-Rng/EE-Rng-wetlsp-2021.nc,EE-Rng/EE-Rng-wetlsp-2022.nc,EE-Rng/EE-Rng-wetlsp-2023.nc,EE-Rng/EE-Rng-wetlsp-2024.nc,EE-Rng/pixels_geom_ds/,EE-Rng/pixels_meta_ds/meta.parquet,EE-Rng/pixels_timeseries_ds/,EE-Rng/README-parquet.json,EE-Rng/README-parquet.md
ES-Pdu,Padul,Estonia,37.016975,-3.609228,,0,0,0,0,1,1,1,1,500,6,2,ES-Pdu/,ES-Pdu/ES-Pdu-wetlsp-2021.nc,ES-Pdu/ES-Pdu-wetlsp-2022.nc,ES-Pdu/ES-Pdu-wetlsp-2023.nc,ES-Pdu/ES-Pdu-wetlsp-2024.nc,ES-Pdu/pixels_geom_ds/,ES-Pdu/pixels_meta_ds/meta.parquet,ES-Pdu/pixels_timeseries_ds/,ES-Pdu/README-parquet.json,ES-Pdu/README-parquet.md
FR-LGt,La Guette,France,47.322917,2.284102,,1,1,1,1,1,1,1,1,200,2.5,0.3,FR-LGt/,FR-LGt/FR-LGt-wetlsp-2021.nc,FR-LGt/FR-LGt-wetlsp-2022.nc,FR-LGt/FR-LGt-wetlsp-2023.nc,FR-LGt/FR-LGt-wetlsp-2024.nc,FR-LGt/pixels_geom_ds/,FR-LGt/pixels_meta_ds/meta.parquet,FR-LGt/pixels_timeseries_ds/,FR-LGt/README-parquet.json,FR-LGt/README-parquet.md
GF-Guy,GuyaFlux,French Guiana,5.2817,-52.9122,,0,0,0,0,0,0,1,1,3000,50,30,GF-Guy/,GF-Guy/GF-Guy-wetlsp-2021.nc,GF-Guy/GF-Guy-wetlsp-2022.nc,GF-Guy/GF-Guy-wetlsp-2023.nc,GF-Guy/GF-Guy-wetlsp-2024.nc,GF-Guy/pixels_geom_ds/,GF-Guy/pixels_meta_ds/meta.parquet,GF-Guy/pixels_timeseries_ds/,GF-Guy/README-parquet.json,GF-Guy/README-parquet.md
ID-Pag,Palangkaraya Undrained Forest,Indonesia,-2.32,113.9,,0,0,0,0,1,1,1,1,2000,35,23,ID-Pag/,ID-Pag/ID-Pag-wetlsp-2021.nc,ID-Pag/ID-Pag-wetlsp-2022.nc,ID-Pag/ID-Pag-wetlsp-2023.nc,ID-Pag/ID-Pag-wetlsp-2024.nc,ID-Pag/pixels_geom_ds/,ID-Pag/pixels_meta_ds/meta.parquet,ID-Pag/pixels_timeseries_ds/,ID-Pag/README-parquet.json,ID-Pag/README-parquet.md
ID-Pal,Palangkaraya Drained Forest,Indonesia,-2.345,114.036,,0,0,0,0,1,1,1,1,2500,41.3,25,ID-Pal/,ID-Pal/ID-Pal-wetlsp-2021.nc,ID-Pal/ID-Pal-wetlsp-2022.nc,ID-Pal/ID-Pal-wetlsp-2023.nc,ID-Pal/ID-Pal-wetlsp-2024.nc,ID-Pal/pixels_geom_ds/,ID-Pal/pixels_meta_ds/meta.parquet,ID-Pal/pixels_timeseries_ds/,ID-Pal/README-parquet.json,ID-Pal/README-parquet.md
IT-Cas,Castellaro,Italy,45.0700472,8.71752222,,0,0,0,0,1,1,1,1,300,3.5,1,IT-Cas/,IT-Cas/IT-Cas-wetlsp-2021.nc,IT-Cas/IT-Cas-wetlsp-2022.nc,IT-Cas/IT-Cas-wetlsp-2023.nc,IT-Cas/IT-Cas-wetlsp-2024.nc,IT-Cas/pixels_geom_ds/,IT-Cas/pixels_meta_ds/meta.parquet,IT-Cas/pixels_timeseries_ds/,IT-Cas/README-parquet.json,IT-Cas/README-parquet.md
JP-BBY,Bibai bog,Japan,43.3230056,141.810697,,1,0,0,0,1,1,0,1,200,2.3,0.6,JP-BBY/,JP-BBY/JP-BBY-wetlsp-2021.nc,JP-BBY/JP-BBY-wetlsp-2022.nc,JP-BBY/JP-BBY-wetlsp-2023.nc,JP-BBY/JP-BBY-wetlsp-2024.nc,JP-BBY/pixels_geom_ds/,JP-BBY/pixels_meta_ds/meta.parquet,JP-BBY/pixels_timeseries_ds/,JP-BBY/README-parquet.json,JP-BBY/README-parquet.md
JP-Mse,Mase rice paddy field,Japan,36.05393,140.02693,,0,0,0,0,1,1,1,1,300,3,0.5,JP-Mse/,JP-Mse/JP-Mse-wetlsp-2021.nc,JP-Mse/JP-Mse-wetlsp-2022.nc,JP-Mse/JP-Mse-wetlsp-2023.nc,JP-Mse/JP-Mse-wetlsp-2024.nc,JP-Mse/pixels_geom_ds/,JP-Mse/pixels_meta_ds/meta.parquet,JP-Mse/pixels_timeseries_ds/,JP-Mse/README-parquet.json,JP-Mse/README-parquet.md
KR-CRK,Cheorwon Rice paddy,South Korea,38.2013,127.2506,,0,0,0,0,1,1,1,0,900,10,1,KR-CRK/,KR-CRK/KR-CRK-wetlsp-2021.nc,KR-CRK/KR-CRK-wetlsp-2022.nc,KR-CRK/KR-CRK-wetlsp-2023.nc,KR-CRK/KR-CRK-wetlsp-2024.nc,KR-CRK/pixels_geom_ds/,KR-CRK/pixels_meta_ds/meta.parquet,KR-CRK/pixels_timeseries_ds/,KR-CRK/README-parquet.json,KR-CRK/README-parquet.md
MY-CMC,Cermat Ceria,Malaysia,1.399833,111.401883,,0,0,0,0,1,1,1,1,2500,41,25,MY-CMC/,MY-CMC/MY-CMC-wetlsp-2021.nc,MY-CMC/MY-CMC-wetlsp-2022.nc,MY-CMC/MY-CMC-wetlsp-2023.nc,MY-CMC/MY-CMC-wetlsp-2024.nc,MY-CMC/pixels_geom_ds/,MY-CMC/pixels_meta_ds/meta.parquet,MY-CMC/pixels_timeseries_ds/,MY-CMC/README-parquet.json,MY-CMC/README-parquet.md
MY-MLM,Maludam Undrained,Malaysia,1.464,111.149,,0,0,0,0,1,1,1,1,2100,41,30,MY-MLM/,MY-MLM/MY-MLM-wetlsp-2021.nc,MY-MLM/MY-MLM-wetlsp-2022.nc,MY-MLM/MY-MLM-wetlsp-2023.nc,MY-MLM/MY-MLM-wetlsp-2024.nc,MY-MLM/pixels_geom_ds/,MY-MLM/pixels_meta_ds/meta.parquet,MY-MLM/pixels_timeseries_ds/,MY-MLM/README-parquet.json,MY-MLM/README-parquet.md
MY-SBW,Sibu station,Malaysia,2.186122,111.845636,,0,0,0,0,0,0,1,1,1600,21,8,MY-SBW/,MY-SBW/MY-SBW-wetlsp-2021.nc,MY-SBW/MY-SBW-wetlsp-2022.nc,MY-SBW/MY-SBW-wetlsp-2023.nc,MY-SBW/MY-SBW-wetlsp-2024.nc,MY-SBW/pixels_geom_ds/,MY-SBW/pixels_meta_ds/meta.parquet,MY-SBW/pixels_timeseries_ds/,MY-SBW/README-parquet.json,MY-SBW/README-parquet.md
NZ-Kop,Kopuatai,New Zealand,-37.3879,175.5539,,0,0,0,0,1,1,1,1,400,4.25,0.5,NZ-Kop/,NZ-Kop/NZ-Kop-wetlsp-2021.nc,NZ-Kop/NZ-Kop-wetlsp-2022.nc,NZ-Kop/NZ-Kop-wetlsp-2023.nc,NZ-Kop/NZ-Kop-wetlsp-2024.nc,NZ-Kop/pixels_geom_ds/,NZ-Kop/pixels_meta_ds/meta.parquet,NZ-Kop/pixels_timeseries_ds/,NZ-Kop/README-parquet.json,NZ-Kop/README-parquet.md
PE-AMG,Los Amigos,Peru,-12.5671,-70.0932,amf,0,0,0,0,1,1,1,1,3700,60,35,PE-AMG/,PE-AMG/PE-AMG-wetlsp-2021.nc,PE-AMG/PE-AMG-wetlsp-2022.nc,PE-AMG/PE-AMG-wetlsp-2023.nc,PE-AMG/PE-AMG-wetlsp-2024.nc,PE-AMG/pixels_geom_ds/,PE-AMG/pixels_meta_ds/meta.parquet,PE-AMG/pixels_timeseries_ds/,PE-AMG/README-parquet.json,PE-AMG/README-parquet.md
PE-Amp,Ampiyacu,Peru,-3.0221,-72.5986,,,,,,1,1,1,1,3000,50,30,PE-Amp/,PE-Amp/PE-Amp-wetlsp-2021.nc,PE-Amp/PE-Amp-wetlsp-2022.nc,PE-Amp/PE-Amp-wetlsp-2023.nc,PE-Amp/PE-Amp-wetlsp-2024.nc,PE-Amp/pixels_geom_ds/,PE-Amp/pixels_meta_ds/meta.parquet,PE-Amp/pixels_timeseries_ds/,PE-Amp/README-parquet.json,PE-Amp/README-parquet.md
PE-Jua,Juanjui,Peru,-7.1814,-76.7754,,,,,,1,1,1,1,2000,30,15,PE-Jua/,PE-Jua/PE-Jua-wetlsp-2021.nc,PE-Jua/PE-Jua-wetlsp-2022.nc,PE-Jua/PE-Jua-wetlsp-2023.nc,PE-Jua/PE-Jua-wetlsp-2024.nc,PE-Jua/pixels_geom_ds/,PE-Jua/pixels_meta_ds/meta.parquet,PE-Jua/pixels_timeseries_ds/,PE-Jua/README-parquet.json,PE-Jua/README-parquet.md
PE-QFR,Quistococha Forest Reserve,Peru,-3.8344,-73.319,amf,1,1,0,0,1,1,1,1,2200,45,35,PE-QFR/,PE-QFR/PE-QFR-wetlsp-2021.nc,PE-QFR/PE-QFR-wetlsp-2022.nc,PE-QFR/PE-QFR-wetlsp-2023.nc,PE-QFR/PE-QFR-wetlsp-2024.nc,PE-QFR/pixels_geom_ds/,PE-QFR/pixels_meta_ds/meta.parquet,PE-QFR/pixels_timeseries_ds/,PE-QFR/README-parquet.json,PE-QFR/README-parquet.md
PE-TNR,Tambopata,Peru,-12.8314,-69.2836,amf,0,0,0,0,1,1,1,1,2200,45,35,PE-TNR/,PE-TNR/PE-TNR-wetlsp-2021.nc,PE-TNR/PE-TNR-wetlsp-2022.nc,PE-TNR/PE-TNR-wetlsp-2023.nc,PE-TNR/PE-TNR-wetlsp-2024.nc,PE-TNR/pixels_geom_ds/,PE-TNR/pixels_meta_ds/meta.parquet,PE-TNR/pixels_timeseries_ds/,PE-TNR/README-parquet.json,PE-TNR/README-parquet.md
RU-Ch2,Chersky reference,Russia,68.61689,161.35089,,0,0,0,0,0,1,1,1,500,5,0.3,RU-Ch2/,RU-Ch2/RU-Ch2-wetlsp-2021.nc,RU-Ch2/RU-Ch2-wetlsp-2022.nc,RU-Ch2/RU-Ch2-wetlsp-2023.nc,RU-Ch2/RU-Ch2-wetlsp-2024.nc,RU-Ch2/pixels_geom_ds/,RU-Ch2/pixels_meta_ds/meta.parquet,RU-Ch2/pixels_timeseries_ds/,RU-Ch2/README-parquet.json,RU-Ch2/README-parquet.md
RU-Cok,Chokurdakh,Russia,70.82914,147.49428,,0,0,0,0,0,1,1,1,500,5,0.3,RU-Cok/,RU-Cok/RU-Cok-wetlsp-2021.nc,RU-Cok/RU-Cok-wetlsp-2022.nc,RU-Cok/RU-Cok-wetlsp-2023.nc,RU-Cok/RU-Cok-wetlsp-2024.nc,RU-Cok/pixels_geom_ds/,RU-Cok/pixels_meta_ds/meta.parquet,RU-Cok/pixels_timeseries_ds/,RU-Cok/README-parquet.json,RU-Cok/README-parquet.md
RU-Fy2,Fyodorovskoye dry spruce,Russia,56.4476,32.9019,,1,1,1,0,0,1,1,1,500,5,0.3,RU-Fy2/,RU-Fy2/RU-Fy2-wetlsp-2021.nc,RU-Fy2/RU-Fy2-wetlsp-2022.nc,RU-Fy2/RU-Fy2-wetlsp-2023.nc,RU-Fy2/RU-Fy2-wetlsp-2024.nc,RU-Fy2/pixels_geom_ds/,RU-Fy2/pixels_meta_ds/meta.parquet,RU-Fy2/pixels_timeseries_ds/,RU-Fy2/README-parquet.json,RU-Fy2/README-parquet.md
RU-Vrk,Seida/Vorkuta,Russia,67.0546799,62.9404678,,0,0,0,0,0,1,0,0,500,5,0.3,RU-Vrk/,RU-Vrk/RU-Vrk-wetlsp-2021.nc,RU-Vrk/RU-Vrk-wetlsp-2022.nc,RU-Vrk/RU-Vrk-wetlsp-2023.nc,RU-Vrk/RU-Vrk-wetlsp-2024.nc,RU-Vrk/pixels_geom_ds/,RU-Vrk/pixels_meta_ds/meta.parquet,RU-Vrk/pixels_timeseries_ds/,RU-Vrk/README-parquet.json,RU-Vrk/README-parquet.md
SE-Deg,Degero,Sweden,64.182029,19.556539,,0,0,0,0,1,1,1,1,300,3,0.3,SE-Deg/,SE-Deg/SE-Deg-wetlsp-2021.nc,SE-Deg/SE-Deg-wetlsp-2022.nc,SE-Deg/SE-Deg-wetlsp-2023.nc,SE-Deg/SE-Deg-wetlsp-2024.nc,SE-Deg/pixels_geom_ds/,SE-Deg/pixels_meta_ds/meta.parquet,SE-Deg/pixels_timeseries_ds/,SE-Deg/README-parquet.json,SE-Deg/README-parquet.md
SE-St1,Stordalen grassland,Sweden,68.3541488,19.050333,,0,0,0,0,1,1,1,1,300,3,0.3,SE-St1/,SE-St1/SE-St1-wetlsp-2021.nc,SE-St1/SE-St1-wetlsp-2022.nc,SE-St1/SE-St1-wetlsp-2023.nc,SE-St1/SE-St1-wetlsp-2024.nc,SE-St1/pixels_geom_ds/,SE-St1/pixels_meta_ds/meta.parquet,SE-St1/pixels_timeseries_ds/,SE-St1/README-parquet.json,SE-St1/README-parquet.md
US-AMS,ATMOS,United States,41.7018,-87.9963,amf,0,1,1,0,1,1,1,1,200,3,1.5,US-AMS/,US-AMS/US-AMS-wetlsp-2021.nc,US-AMS/US-AMS-wetlsp-2022.nc,US-AMS/US-AMS-wetlsp-2023.nc,US-AMS/US-AMS-wetlsp-2024.nc,US-AMS/pixels_geom_ds/,US-AMS/pixels_meta_ds/meta.parquet,US-AMS/pixels_timeseries_ds/,US-AMS/README-parquet.json,US-AMS/README-parquet.md
US-Alq,Allequash Creek Site,United States,46.0308,-89.6067,amf,1,1,1,1,0,0,0,1,300,3,0.3,US-Alq/,US-Alq/US-Alq-wetlsp-2021.nc,US-Alq/US-Alq-wetlsp-2022.nc,US-Alq/US-Alq-wetlsp-2023.nc,US-Alq/US-Alq-wetlsp-2024.nc,US-Alq/pixels_geom_ds/,US-Alq/pixels_meta_ds/meta.parquet,US-Alq/pixels_timeseries_ds/,US-Alq/README-parquet.json,US-Alq/README-parquet.md
US-Atq,Atqasuk,United States,70.4696,-157.4089,amf,0,0,0,0,0,0,1,1,300,3,0.3,US-Atq/,US-Atq/US-Atq-wetlsp-2021.nc,US-Atq/US-Atq-wetlsp-2022.nc,US-Atq/US-Atq-wetlsp-2023.nc,US-Atq/US-Atq-wetlsp-2024.nc,US-Atq/pixels_geom_ds/,US-Atq/pixels_meta_ds/meta.parquet,US-Atq/pixels_timeseries_ds/,US-Atq/README-parquet.json,US-Atq/README-parquet.md
US-BZB,Bonanza Creek Thermokarst Bog,United States,64.695547,-148.32084,amf,1,1,1,1,1,1,0,0,200,3,1.5,US-BZB/,US-BZB/US-BZB-wetlsp-2021.nc,US-BZB/US-BZB-wetlsp-2022.nc,US-BZB/US-BZB-wetlsp-2023.nc,US-BZB/US-BZB-wetlsp-2024.nc,US-BZB/pixels_geom_ds/,US-BZB/pixels_meta_ds/meta.parquet,US-BZB/pixels_timeseries_ds/,US-BZB/README-parquet.json,US-BZB/README-parquet.md
US-BZF,Bonanza Creek Rich Fen,United States,64.703733,-148.31333,amf,1,1,1,1,1,1,1,0,300,5,2.5,US-BZF/,US-BZF/US-BZF-wetlsp-2021.nc,US-BZF/US-BZF-wetlsp-2022.nc,US-BZF/US-BZF-wetlsp-2023.nc,US-BZF/US-BZF-wetlsp-2024.nc,US-BZF/pixels_geom_ds/,US-BZF/pixels_meta_ds/meta.parquet,US-BZF/pixels_timeseries_ds/,US-BZF/README-parquet.json,US-BZF/README-parquet.md
US-BZS,Bonanza Creek Black Spruce,United States,64.6963,-148.3235,amf,1,1,1,1,1,0,0,0,700,10,5,US-BZS/,US-BZS/US-BZS-wetlsp-2021.nc,US-BZS/US-BZS-wetlsp-2022.nc,US-BZS/US-BZS-wetlsp-2023.nc,US-BZS/US-BZS-wetlsp-2024.nc,US-BZS/pixels_geom_ds/,US-BZS/pixels_meta_ds/meta.parquet,US-BZS/pixels_timeseries_ds/,US-BZS/README-parquet.json,US-BZS/README-parquet.md
US-DPW,Disney Wilderness Preserve Wetland,United States,28.05206,-81.43611,amf,0,0,0,0,1,1,1,0,300,3,0.3,US-DPW/,US-DPW/US-DPW-wetlsp-2021.nc,US-DPW/US-DPW-wetlsp-2022.nc,US-DPW/US-DPW-wetlsp-2023.nc,US-DPW/US-DPW-wetlsp-2024.nc,US-DPW/pixels_geom_ds/,US-DPW/pixels_meta_ds/meta.parquet,US-DPW/pixels_timeseries_ds/,US-DPW/README-parquet.json,US-DPW/README-parquet.md
US-Dmg,Dutch Slough Marsh Gilbert Tract,United States,38.0015,-121.6691,amf,1,1,1,1,1,1,1,1,300,5,3,US-Dmg/,US-Dmg/US-Dmg-wetlsp-2021.nc,US-Dmg/US-Dmg-wetlsp-2022.nc,US-Dmg/US-Dmg-wetlsp-2023.nc,US-Dmg/US-Dmg-wetlsp-2024.nc,US-Dmg/pixels_geom_ds/,US-Dmg/pixels_meta_ds/meta.parquet,US-Dmg/pixels_timeseries_ds/,US-Dmg/README-parquet.json,US-Dmg/README-parquet.md
US-EDN,Eden Landing Ecological Reserve,United States,37.61562,-122.114,amf,1,1,1,1,1,1,0,0,600,6,0.5,US-EDN/,US-EDN/US-EDN-wetlsp-2021.nc,US-EDN/US-EDN-wetlsp-2022.nc,US-EDN/US-EDN-wetlsp-2023.nc,US-EDN/US-EDN-wetlsp-2024.nc,US-EDN/pixels_geom_ds/,US-EDN/pixels_meta_ds/meta.parquet,US-EDN/pixels_timeseries_ds/,US-EDN/README-parquet.json,US-EDN/README-parquet.md
US-EKH,Elkhorn Slough Hester Marsh,United States,36.8094,-121.7523,amf,0,1,1,1,1,1,1,1,600,6,0.5,US-EKH/,US-EKH/US-EKH-wetlsp-2021.nc,US-EKH/US-EKH-wetlsp-2022.nc,US-EKH/US-EKH-wetlsp-2023.nc,US-EKH/US-EKH-wetlsp-2024.nc,US-EKH/pixels_geom_ds/,US-EKH/pixels_meta_ds/meta.parquet,US-EKH/pixels_timeseries_ds/,US-EKH/README-parquet.json,US-EKH/README-parquet.md
US-EKN,Elkhorn Slough North Marsh,United States,36.8357,-121.7328,amf,0,0,1,1,1,1,1,0,600,6,0.5,US-EKN/,US-EKN/US-EKN-wetlsp-2021.nc,US-EKN/US-EKN-wetlsp-2022.nc,US-EKN/US-EKN-wetlsp-2023.nc,US-EKN/US-EKN-wetlsp-2024.nc,US-EKN/pixels_geom_ds/,US-EKN/pixels_meta_ds/meta.parquet,US-EKN/pixels_timeseries_ds/,US-EKN/README-parquet.json,US-EKN/README-parquet.md
US-EKP,Elkhorn Slough Porter Marsh,United States,36.8558,-121.7488,amf,0,1,1,1,1,1,1,1,600,6,0.5,US-EKP/,US-EKP/US-EKP-wetlsp-2021.nc,US-EKP/US-EKP-wetlsp-2022.nc,US-EKP/US-EKP-wetlsp-2023.nc,US-EKP/US-EKP-wetlsp-2024.nc,US-EKP/pixels_geom_ds/,US-EKP/pixels_meta_ds/meta.parquet,US-EKP/pixels_timeseries_ds/,US-EKP/README-parquet.json,US-EKP/README-parquet.md
US-EML,"Eight Mile Lake Permafrost thaw gradient, Healy Alaska.",United States,63.8784,-149.2536,amf,1,1,1,0,0,1,1,1,300,3,0.5,US-EML/,US-EML/US-EML-wetlsp-2021.nc,US-EML/US-EML-wetlsp-2022.nc,US-EML/US-EML-wetlsp-2023.nc,US-EML/US-EML-wetlsp-2024.nc,US-EML/pixels_geom_ds/,US-EML/pixels_meta_ds/meta.parquet,US-EML/pixels_timeseries_ds/,US-EML/README-parquet.json,US-EML/README-parquet.md
US-Elm,Everglades (long hydroperiod marsh),United States,25.5519,-80.7826,amf,1,1,1,1,1,1,1,1,300,3,0.5,US-Elm/,US-Elm/US-Elm-wetlsp-2021.nc,US-Elm/US-Elm-wetlsp-2022.nc,US-Elm/US-Elm-wetlsp-2023.nc,US-Elm/US-Elm-wetlsp-2024.nc,US-Elm/pixels_geom_ds/,US-Elm/pixels_meta_ds/meta.parquet,US-Elm/pixels_timeseries_ds/,US-Elm/README-parquet.json,US-Elm/README-parquet.md
US-Esm,Everglades (short hydroperiod marsh),United States,25.4379,-80.5946,amf,1,1,1,1,1,1,1,1,400,5,1,US-Esm/,US-Esm/US-Esm-wetlsp-2021.nc,US-Esm/US-Esm-wetlsp-2022.nc,US-Esm/US-Esm-wetlsp-2023.nc,US-Esm/US-Esm-wetlsp-2024.nc,US-Esm/pixels_geom_ds/,US-Esm/pixels_meta_ds/meta.parquet,US-Esm/pixels_timeseries_ds/,US-Esm/README-parquet.json,US-Esm/README-parquet.md
US-EvM,Everglades Saltwater intrusion marsh,United States,25.3539,-80.381,amf,1,1,1,0,1,1,1,1,400,4,0.5,US-EvM/,US-EvM/US-EvM-wetlsp-2021.nc,US-EvM/US-EvM-wetlsp-2022.nc,US-EvM/US-EvM-wetlsp-2023.nc,US-EvM/US-EvM-wetlsp-2024.nc,US-EvM/pixels_geom_ds/,US-EvM/pixels_meta_ds/meta.parquet,US-EvM/pixels_timeseries_ds/,US-EvM/README-parquet.json,US-EvM/README-parquet.md
US-HB1,North Inlet Crab Haul Creek,United States,33.3455,-79.1957,amf,1,1,1,1,1,1,1,1,400,5,1,US-HB1/,US-HB1/US-HB1-wetlsp-2021.nc,US-HB1/US-HB1-wetlsp-2022.nc,US-HB1/US-HB1-wetlsp-2023.nc,US-HB1/US-HB1-wetlsp-2024.nc,US-HB1/pixels_geom_ds/,US-HB1/pixels_meta_ds/meta.parquet,US-HB1/pixels_timeseries_ds/,US-HB1/README-parquet.json,US-HB1/README-parquet.md
US-HB4,Minim Creek Brackish Impoundment,United States,33.2015,-79.2975,amf,1,1,1,1,1,1,1,1,800,10,3,US-HB4/,US-HB4/US-HB4-wetlsp-2021.nc,US-HB4/US-HB4-wetlsp-2022.nc,US-HB4/US-HB4-wetlsp-2023.nc,US-HB4/US-HB4-wetlsp-2024.nc,US-HB4/pixels_geom_ds/,US-HB4/pixels_meta_ds/meta.parquet,US-HB4/pixels_timeseries_ds/,US-HB4/README-parquet.json,US-HB4/README-parquet.md
US-HRC,Humnoke Farm Rice Field – Field C,United States,34.58883,-91.751658,amf,0,0,0,0,1,1,1,1,300,3,0.5,US-HRC/,US-HRC/US-HRC-wetlsp-2021.nc,US-HRC/US-HRC-wetlsp-2022.nc,US-HRC/US-HRC-wetlsp-2023.nc,US-HRC/US-HRC-wetlsp-2024.nc,US-HRC/pixels_geom_ds/,US-HRC/pixels_meta_ds/meta.parquet,US-HRC/pixels_timeseries_ds/,US-HRC/README-parquet.json,US-HRC/README-parquet.md
US-Hsm,Hill Slough Marsh,United States,38.2368,-122.0212,amf,1,1,1,1,1,1,1,1,400,4,0.5,US-Hsm/,US-Hsm/US-Hsm-wetlsp-2021.nc,US-Hsm/US-Hsm-wetlsp-2022.nc,US-Hsm/US-Hsm-wetlsp-2023.nc,US-Hsm/US-Hsm-wetlsp-2024.nc,US-Hsm/pixels_geom_ds/,US-Hsm/pixels_meta_ds/meta.parquet,US-Hsm/pixels_timeseries_ds/,US-Hsm/README-parquet.json,US-Hsm/README-parquet.md
US-ICh,Imnavait Creek Watershed Heath Tundra,United States,68.6068,-149.2958,amf,1,1,1,1,1,1,1,0,300,3,0.3,US-ICh/,US-ICh/US-ICh-wetlsp-2021.nc,US-ICh/US-ICh-wetlsp-2022.nc,US-ICh/US-ICh-wetlsp-2023.nc,US-ICh/US-ICh-wetlsp-2024.nc,US-ICh/pixels_geom_ds/,US-ICh/pixels_meta_ds/meta.parquet,US-ICh/pixels_timeseries_ds/,US-ICh/README-parquet.json,US-ICh/README-parquet.md
US-ICs,Imnavait Creek Watershed Wet Sedge Tundra,United States,68.6058,-149.311,amf,1,1,1,1,1,1,0,0,300,3,0.3,US-ICs/,US-ICs/US-ICs-wetlsp-2021.nc,US-ICs/US-ICs-wetlsp-2022.nc,US-ICs/US-ICs-wetlsp-2023.nc,US-ICs/US-ICs-wetlsp-2024.nc,US-ICs/pixels_geom_ds/,US-ICs/pixels_meta_ds/meta.parquet,US-ICs/pixels_timeseries_ds/,US-ICs/README-parquet.json,US-ICs/README-parquet.md
US-ICt,Imnavait Creek Watershed Tussock Tundra,United States,68.6063,-149.3041,amf,1,1,1,1,1,1,1,1,300,3,0.3,US-ICt/,US-ICt/US-ICt-wetlsp-2021.nc,US-ICt/US-ICt-wetlsp-2022.nc,US-ICt/US-ICt-wetlsp-2023.nc,US-ICt/US-ICt-wetlsp-2024.nc,US-ICt/pixels_geom_ds/,US-ICt/pixels_meta_ds/meta.parquet,US-ICt/pixels_timeseries_ds/,US-ICt/README-parquet.json,US-ICt/README-parquet.md
US-Ivo,Ivotuk,United States,68.4865,-155.7503,amf,0,0,0,0,1,1,0,0,500,5,0.3,US-Ivo/,US-Ivo/US-Ivo-wetlsp-2021.nc,US-Ivo/US-Ivo-wetlsp-2022.nc,US-Ivo/US-Ivo-wetlsp-2023.nc,US-Ivo/US-Ivo-wetlsp-2024.nc,US-Ivo/pixels_geom_ds/,US-Ivo/pixels_meta_ds/meta.parquet,US-Ivo/pixels_timeseries_ds/,US-Ivo/README-parquet.json,US-Ivo/README-parquet.md
US-KPL,Lily Lake Fen,United States,60.5382,-150.5061,amf,1,1,1,1,1,1,1,1,300,3,0.3,US-KPL/,US-KPL/US-KPL-wetlsp-2021.nc,US-KPL/US-KPL-wetlsp-2022.nc,US-KPL/US-KPL-wetlsp-2023.nc,US-KPL/US-KPL-wetlsp-2024.nc,US-KPL/pixels_geom_ds/,US-KPL/pixels_meta_ds/meta.parquet,US-KPL/pixels_timeseries_ds/,US-KPL/README-parquet.json,US-KPL/README-parquet.md
US-LA1,Pointe-aux-Chenes Brackish Marsh,United States,29.5013,-90.4449,amf,0,0,0,0,1,1,1,1,300,4,1,US-LA1/,US-LA1/US-LA1-wetlsp-2021.nc,US-LA1/US-LA1-wetlsp-2022.nc,US-LA1/US-LA1-wetlsp-2023.nc,US-LA1/US-LA1-wetlsp-2024.nc,US-LA1/pixels_geom_ds/,US-LA1/pixels_meta_ds/meta.parquet,US-LA1/pixels_timeseries_ds/,US-LA1/README-parquet.json,US-LA1/README-parquet.md
US-LA2,Salvador WMA Freshwater Marsh,United States,29.8587,-90.2869,amf,1,1,1,0,1,0,0,1,300,3,0.5,US-LA2/,US-LA2/US-LA2-wetlsp-2021.nc,US-LA2/US-LA2-wetlsp-2022.nc,US-LA2/US-LA2-wetlsp-2023.nc,US-LA2/US-LA2-wetlsp-2024.nc,US-LA2/pixels_geom_ds/,US-LA2/pixels_meta_ds/meta.parquet,US-LA2/pixels_timeseries_ds/,US-LA2/README-parquet.json,US-LA2/README-parquet.md
US-LA3,Barataria Bay Saline Marsh,United States,29.4936,-89.9153,amf,1,1,1,0,1,1,1,0,300,4,1.5,US-LA3/,US-LA3/US-LA3-wetlsp-2021.nc,US-LA3/US-LA3-wetlsp-2022.nc,US-LA3/US-LA3-wetlsp-2023.nc,US-LA3/US-LA3-wetlsp-2024.nc,US-LA3/pixels_geom_ds/,US-LA3/pixels_meta_ds/meta.parquet,US-LA3/pixels_timeseries_ds/,US-LA3/README-parquet.json,US-LA3/README-parquet.md
US-Los,Lost Creek,United States,46.0827,-89.9792,amf,1,1,1,1,1,1,1,1,900,12,4,US-Los/,US-Los/US-Los-wetlsp-2021.nc,US-Los/US-Los-wetlsp-2022.nc,US-Los/US-Los-wetlsp-2023.nc,US-Los/US-Los-wetlsp-2024.nc,US-Los/pixels_geom_ds/,US-Los/pixels_meta_ds/meta.parquet,US-Los/pixels_timeseries_ds/,US-Los/README-parquet.json,US-Los/README-parquet.md
US-MAC,MacArthur Agro-Ecology,United States,27.1632,-81.187302,amf,0,0,0,0,1,1,1,1,500,6,1,US-MAC/,US-MAC/US-MAC-wetlsp-2021.nc,US-MAC/US-MAC-wetlsp-2022.nc,US-MAC/US-MAC-wetlsp-2023.nc,US-MAC/US-MAC-wetlsp-2024.nc,US-MAC/pixels_geom_ds/,US-MAC/pixels_meta_ds/meta.parquet,US-MAC/pixels_timeseries_ds/,US-MAC/README-parquet.json,US-MAC/README-parquet.md
US-MBP,Marcell Bog Lake Peatland,United States,47.5051,-93.4893,amf,1,1,1,1,1,1,0,0,300,3,0.3,US-MBP/,US-MBP/US-MBP-wetlsp-2021.nc,US-MBP/US-MBP-wetlsp-2022.nc,US-MBP/US-MBP-wetlsp-2023.nc,US-MBP/US-MBP-wetlsp-2024.nc,US-MBP/pixels_geom_ds/,US-MBP/pixels_meta_ds/meta.parquet,US-MBP/pixels_timeseries_ds/,US-MBP/README-parquet.json,US-MBP/README-parquet.md
US-MRM,Marsh Resource Meadowlands Mitigation Bank,United States,40.8164,-74.0435,amf,0,0,0,0,1,1,1,1,400,4.3,1,US-MRM/,US-MRM/US-MRM-wetlsp-2021.nc,US-MRM/US-MRM-wetlsp-2022.nc,US-MRM/US-MRM-wetlsp-2023.nc,US-MRM/US-MRM-wetlsp-2024.nc,US-MRM/pixels_geom_ds/,US-MRM/pixels_meta_ds/meta.parquet,US-MRM/pixels_timeseries_ds/,US-MRM/README-parquet.json,US-MRM/README-parquet.md
US-Myb,Mayberry Wetland,United States,38.049861,-121.76498,amf,1,1,1,1,1,1,1,1,300,3.7,1.5,US-Myb/,US-Myb/US-Myb-wetlsp-2021.nc,US-Myb/US-Myb-wetlsp-2022.nc,US-Myb/US-Myb-wetlsp-2023.nc,US-Myb/US-Myb-wetlsp-2024.nc,US-Myb/pixels_geom_ds/,US-Myb/pixels_meta_ds/meta.parquet,US-Myb/pixels_timeseries_ds/,US-Myb/README-parquet.json,US-Myb/README-parquet.md
US-NC4,NC_AlligatorRiver,United States,35.7879,-75.9038,amf,1,1,1,1,1,1,1,1,2200,32,15,US-NC4/,US-NC4/US-NC4-wetlsp-2021.nc,US-NC4/US-NC4-wetlsp-2022.nc,US-NC4/US-NC4-wetlsp-2023.nc,US-NC4/US-NC4-wetlsp-2024.nc,US-NC4/pixels_geom_ds/,US-NC4/pixels_meta_ds/meta.parquet,US-NC4/pixels_timeseries_ds/,US-NC4/README-parquet.json,US-NC4/README-parquet.md
US-NGC,NGEE Arctic Council,United States,64.8614,-163.7008,amf,1,1,1,0,1,1,0,0,300,3,0.3,US-NGC/,US-NGC/US-NGC-wetlsp-2021.nc,US-NGC/US-NGC-wetlsp-2022.nc,US-NGC/US-NGC-wetlsp-2023.nc,US-NGC/US-NGC-wetlsp-2024.nc,US-NGC/pixels_geom_ds/,US-NGC/pixels_meta_ds/meta.parquet,US-NGC/pixels_timeseries_ds/,US-NGC/README-parquet.json,US-NGC/README-parquet.md
US-ORv,Olentangy River Wetland Research Park,United States,40.0201,-83.0183,amf,0,0,0,0,1,1,1,1,2000,30,15,US-ORv/,US-ORv/US-ORv-wetlsp-2021.nc,US-ORv/US-ORv-wetlsp-2022.nc,US-ORv/US-ORv-wetlsp-2023.nc,US-ORv/US-ORv-wetlsp-2024.nc,US-ORv/pixels_geom_ds/,US-ORv/pixels_meta_ds/meta.parquet,US-ORv/pixels_timeseries_ds/,US-ORv/README-parquet.json,US-ORv/README-parquet.md
US-OWC,Old Woman Creek,United States,41.3795167,-82.512467,amf,1,1,1,1,1,1,0,0,500,5,0.3,US-OWC/,US-OWC/US-OWC-wetlsp-2021.nc,US-OWC/US-OWC-wetlsp-2022.nc,US-OWC/US-OWC-wetlsp-2023.nc,US-OWC/US-OWC-wetlsp-2024.nc,US-OWC/pixels_geom_ds/,US-OWC/pixels_meta_ds/meta.parquet,US-OWC/pixels_timeseries_ds/,US-OWC/README-parquet.json,US-OWC/README-parquet.md
US-RRC,Rice Rivers Center Marsh,United States,37.3344,-77.2065,amf,0,1,1,1,1,1,1,1,700,8,2,US-RRC/,US-RRC/US-RRC-wetlsp-2021.nc,US-RRC/US-RRC-wetlsp-2022.nc,US-RRC/US-RRC-wetlsp-2023.nc,US-RRC/US-RRC-wetlsp-2024.nc,US-RRC/pixels_geom_ds/,US-RRC/pixels_meta_ds/meta.parquet,US-RRC/pixels_timeseries_ds/,US-RRC/README-parquet.json,US-RRC/README-parquet.md
US-Sne,Sherman Island Restored Wetland,United States,38.0369,-121.7547,amf,0,0,0,0,1,1,0,1,300,3.7,1.5,US-Sne/,US-Sne/US-Sne-wetlsp-2021.nc,US-Sne/US-Sne-wetlsp-2022.nc,US-Sne/US-Sne-wetlsp-2023.nc,US-Sne/US-Sne-wetlsp-2024.nc,US-Sne/pixels_geom_ds/,US-Sne/pixels_meta_ds/meta.parquet,US-Sne/pixels_timeseries_ds/,US-Sne/README-parquet.json,US-Sne/README-parquet.md
US-Srr,Suisun marsh - Rush Ranch,United States,38.200556,-122.02636,amf,0,0,0,0,1,1,1,1,400,5,1.5,US-Srr/,US-Srr/US-Srr-wetlsp-2021.nc,US-Srr/US-Srr-wetlsp-2022.nc,US-Srr/US-Srr-wetlsp-2023.nc,US-Srr/US-Srr-wetlsp-2024.nc,US-Srr/pixels_geom_ds/,US-Srr/pixels_meta_ds/meta.parquet,US-Srr/pixels_timeseries_ds/,US-Srr/README-parquet.json,US-Srr/README-parquet.md
US-StJ,St Jones Reserve,United States,39.0882111,-75.437225,amf,0,0,0,0,1,1,1,1,500,5.5,1.5,US-StJ/,US-StJ/US-StJ-wetlsp-2021.nc,US-StJ/US-StJ-wetlsp-2022.nc,US-StJ/US-StJ-wetlsp-2023.nc,US-StJ/US-StJ-wetlsp-2024.nc,US-StJ/pixels_geom_ds/,US-StJ/pixels_meta_ds/meta.parquet,US-StJ/pixels_timeseries_ds/,US-StJ/README-parquet.json,US-StJ/README-parquet.md
US-Tw1,Twitchell Wetland West Pond,United States,38.1074,-121.6469,amf,1,1,1,0,1,1,0,1,300,5,3,US-Tw1/,US-Tw1/US-Tw1-wetlsp-2021.nc,US-Tw1/US-Tw1-wetlsp-2022.nc,US-Tw1/US-Tw1-wetlsp-2023.nc,US-Tw1/US-Tw1-wetlsp-2024.nc,US-Tw1/pixels_geom_ds/,US-Tw1/pixels_meta_ds/meta.parquet,US-Tw1/pixels_timeseries_ds/,US-Tw1/README-parquet.json,US-Tw1/README-parquet.md
US-Tw5,East Pond Wetland,United States,38.107155,-121.64257,amf,0,0,0,0,1,1,1,1,300,5,3,US-Tw5/,US-Tw5/US-Tw5-wetlsp-2021.nc,US-Tw5/US-Tw5-wetlsp-2022.nc,US-Tw5/US-Tw5-wetlsp-2023.nc,US-Tw5/US-Tw5-wetlsp-2024.nc,US-Tw5/pixels_geom_ds/,US-Tw5/pixels_meta_ds/meta.parquet,US-Tw5/pixels_timeseries_ds/,US-Tw5/README-parquet.json,US-Tw5/README-parquet.md
US-Uaf,"University of Alaska, Fairbanks",United States,64.86627,-147.85553,amf,1,1,1,1,1,1,1,1,400,6,3,US-Uaf/,US-Uaf/US-Uaf-wetlsp-2021.nc,US-Uaf/US-Uaf-wetlsp-2022.nc,US-Uaf/US-Uaf-wetlsp-2023.nc,US-Uaf/US-Uaf-wetlsp-2024.nc,US-Uaf/pixels_geom_ds/,US-Uaf/pixels_meta_ds/meta.parquet,US-Uaf/pixels_timeseries_ds/,US-Uaf/README-parquet.json,US-Uaf/README-parquet.md
US-WPT,Winous Point North Marsh,United States,41.464639,-82.996157,amf,0,0,0,0,1,1,0,0,300,3,0.5,US-WPT/,US-WPT/US-WPT-wetlsp-2021.nc,US-WPT/US-WPT-wetlsp-2022.nc,US-WPT/US-WPT-wetlsp-2023.nc,US-WPT/US-WPT-wetlsp-2024.nc,US-WPT/pixels_geom_ds/,US-WPT/pixels_meta_ds/meta.parquet,US-WPT/pixels_timeseries_ds/,US-WPT/README-parquet.json,US-WPT/README-parquet.md
US-YK1,"Yukon-Kuskokwim Delta, Izaviknek-Kingaglia uplands, Burned 2015",United States,61.2723,-163.2228,amf,1,1,0,0,1,0,0,0,400,4,0.3,US-YK1/,US-YK1/US-YK1-wetlsp-2021.nc,US-YK1/US-YK1-wetlsp-2022.nc,US-YK1/US-YK1-wetlsp-2023.nc,US-YK1/US-YK1-wetlsp-2024.nc,US-YK1/pixels_geom_ds/,US-YK1/pixels_meta_ds/meta.parquet,US-YK1/pixels_timeseries_ds/,US-YK1/README-parquet.json,US-YK1/README-parquet.md
US-YK2,"Yukon-Kuskokwim Delta, Izaviknek-Kingaglia uplands, Unburned",United States,61.2548,-163.259,amf,1,1,1,1,1,1,1,1,400,4,0.3,US-YK2/,US-YK2/US-YK2-wetlsp-2021.nc,US-YK2/US-YK2-wetlsp-2022.nc,US-YK2/US-YK2-wetlsp-2023.nc,US-YK2/US-YK2-wetlsp-2024.nc,US-YK2/pixels_geom_ds/,US-YK2/pixels_meta_ds/meta.parquet,US-YK2/pixels_timeseries_ds/,US-YK2/README-parquet.json,US-YK2/README-parquet.md
US-xTL,NEON Toolik (TOOL),United States,68.6611,-149.3705,amf,1,1,1,1,1,0,0,1,900,9,0.5,US-xTL/,US-xTL/US-xTL-wetlsp-2021.nc,US-xTL/US-xTL-wetlsp-2022.nc,US-xTL/US-xTL-wetlsp-2023.nc,US-xTL/US-xTL-wetlsp-2024.nc,US-xTL/pixels_geom_ds/,US-xTL/pixels_meta_ds/meta.parquet,US-xTL/pixels_timeseries_ds/,US-xTL/README-parquet.json,US-xTL/README-parquet.md
